timestamp,maquina_id,temperatura_motor,vibracion_eje,fallo
2026-01-01 00:00:00,EXCAV-05,75.58225953533793,2.8795661976626623,0
2026-01-01 01:00:00,TBM-01,65.02859860306755,4.129777072949736,0
2026-01-01 02:00:00,EXCAV-05,78.24548190935806,1.7724797972798452,0
2026-01-01 03:00:00,EXCAV-05,74.39714268661035,2.6257064866482533,0
2026-01-01 04:00:00,TBM-01,72.13262343760309,2.1548599114574754,0
2026-01-01 05:00:00,TBM-01,64.10923605550083,1.1201170446342459,0
2026-01-01 06:00:00,EXCAV-05,68.07874403318,2.7255873827415704,0
2026-01-01 07:00:00,TBM-02,84.06469470990908,2.6904272424550446,0
2026-01-01 08:00:00,EXCAV-05,81.01100625149257,4.162104768917918,0
2026-01-01 09:00:00,EXCAV-05,63.269337062417385,3.3677305160992996,0
2026-01-01 10:00:00,EXCAV-05,76.1919876651507,1.8782318581037154,0
2026-01-01 11:00:00,EXCAV-05,84.01664548046146,4.468683309700769,0
2026-01-01 12:00:00,TBM-01,54.967136626543535,3.8989303259728176,0
2026-01-01 13:00:00,EXCAV-05,81.52032230855922,3.323887933121754,0
2026-01-01 14:00:00,TBM-02,67.04851489264983,2.596164311035151,0
2026-01-01 15:00:00,TBM-01,81.8471840231179,1.936504686948868,0
2026-01-01 16:00:00,TBM-02,65.84089012148979,2.465013901536052,0
2026-01-01 17:00:00,TBM-02,53.34141479202577,3.779873757733767,0
2026-01-01 18:00:00,TBM-02,55.46949074540205,4.496127675341148,0
2026-01-01 19:00:00,TBM-02,75.57701935993659,4.18891917544497,0
2026-01-01 20:00:00,TBM-01,78.11667002065778,2.360035520392353,0
2026-01-01 21:00:00,TBM-01,64.1482004987471,1.7923443100398897,0
2026-01-01 22:00:00,TBM-02,82.66310950532849,2.9267976222200836,0
2026-01-01 23:00:00,TBM-02,55.06175925277248,1.2084045709934332,0
2026-01-02 00:00:00,TBM-01,74.2070424162322,3.090850942766303,0
2026-01-02 01:00:00,TBM-01,60.46780560285052,2.667157672331198,0
2026-01-02 02:00:00,TBM-01,67.1779667063741,2.380567148318582,0
2026-01-02 03:00:00,EXCAV-05,75.56878405579697,1.364767239459884,0
2026-01-02 04:00:00,EXCAV-05,64.67503961659257,3.2622400959127447,0
2026-01-02 05:00:00,EXCAV-05,70.3853334692421,2.32056924430428,0
2026-01-02 06:00:00,TBM-02,87.07551371057329,1.7470748478607405,0
2026-01-02 07:00:00,EXCAV-05,68.07729756572222,0.21496400804651516,0
2026-01-02 08:00:00,TBM-02,85.0283053447817,2.775236585454427,0
2026-01-02 09:00:00,TBM-02,61.44351774410858,4.39502643700277,0
2026-01-02 10:00:00,EXCAV-05,81.35765013498339,4.295133293093083,0
2026-01-02 11:00:00,TBM-02,92.2988234478948,2.388613369072355,0
2026-01-02 12:00:00,EXCAV-05,45.34026599847253,2.2580091456743974,0
2026-01-02 13:00:00,EXCAV-05,65.43725693435428,3.221896830467521,0
2026-01-02 14:00:00,TBM-01,81.92486552616649,1.9014531047305376,0
2026-01-02 15:00:00,EXCAV-05,72.56345536748408,3.0716127098375194,0
2026-01-02 16:00:00,TBM-01,79.45375048045571,3.4894722505462212,0
2026-01-02 17:00:00,EXCAV-05,67.75217775941016,3.9042399014958766,0
2026-01-02 18:00:00,EXCAV-05,76.03907744967479,2.7098613311680424,0
2026-01-02 19:00:00,TBM-01,73.13187317529504,2.6166936248407304,0
2026-01-02 20:00:00,TBM-01,89.01338473991768,2.0098156719190947,0
2026-01-02 21:00:00,EXCAV-05,78.05305011961455,2.0558076813641257,0
2026-01-02 22:00:00,TBM-02,79.05123194490243,2.596168997288626,0
2026-01-02 23:00:00,TBM-01,70.05747640653038,3.13062895613456,0
2026-01-03 00:00:00,TBM-02,69.14872531113008,3.622226163609924,0
2026-01-03 01:00:00,TBM-02,69.80930174616455,2.0771389443876895,0
2026-01-03 02:00:00,TBM-02,79.73342570853956,4.14341971206357,0
2026-01-03 03:00:00,TBM-01,69.94818623015685,2.555988759061688,0
2026-01-03 04:00:00,TBM-02,78.47729828275695,2.780769435086407,0
2026-01-03 05:00:00,TBM-01,99.90480958374526,2.127509488766959,1
2026-01-03 06:00:00,TBM-02,85.4534964411803,0.6181837657543525,0
2026-01-03 07:00:00,EXCAV-05,71.0877176139859,3.5956408567249447,0
2026-01-03 08:00:00,EXCAV-05,89.41456706596733,3.46315950738319,0
2026-01-03 09:00:00,TBM-01,70.10309552374139,2.5468051985936078,0
2026-01-03 10:00:00,EXCAV-05,50.542505577865754,2.8602916455023846,0
2026-01-03 11:00:00,EXCAV-05,62.902964268991155,3.264345295933689,0
2026-01-03 12:00:00,TBM-02,52.55049694768973,1.3937087288021113,0
2026-01-03 13:00:00,TBM-01,70.78183819150429,2.3238525903883342,0
2026-01-03 14:00:00,TBM-02,75.22102055027462,3.514838211659644,0
2026-01-03 15:00:00,TBM-02,95.1172477473034,1.6711395191476752,1
2026-01-03 16:00:00,TBM-02,78.92312848516995,3.064202138949966,0
2026-01-03 17:00:00,TBM-02,72.37079365429364,1.5790763758389352,0
2026-01-03 18:00:00,TBM-02,84.95286697420187,3.2197869841901734,0
2026-01-03 19:00:00,TBM-02,48.46637629190538,2.7679226659322644,0
2026-01-03 20:00:00,TBM-02,77.82737469730279,1.3463813656850412,0
2026-01-03 21:00:00,TBM-01,84.2503823266436,3.848265419011454,0
2026-01-03 22:00:00,EXCAV-05,57.2569650506419,2.1388675808817554,0
2026-01-03 23:00:00,TBM-02,88.72504851848315,2.070772806687057,0
2026-01-04 00:00:00,TBM-02,79.06195688993297,2.9805122775078483,0
2026-01-04 01:00:00,TBM-02,70.01654503319038,3.8337736144858434,0
2026-01-04 02:00:00,TBM-02,82.59338239327542,1.8857603629194424,0
2026-01-04 03:00:00,TBM-02,102.24831429365275,2.8555118648631743,1
2026-01-04 04:00:00,TBM-02,77.18239506070194,3.1859348502975156,0
2026-01-04 05:00:00,EXCAV-05,77.97864703560403,3.4237950465368296,0
2026-01-04 06:00:00,EXCAV-05,69.48766920551707,2.9587973997495025,0
2026-01-04 07:00:00,TBM-02,64.8018675664225,2.4696749448250097,0
2026-01-04 08:00:00,EXCAV-05,84.96402979853094,2.055168801416152,0
2026-01-04 09:00:00,TBM-01,64.7269940890936,2.877529494741737,0
2026-01-04 10:00:00,TBM-02,75.8587948466327,1.8350748892129536,0
2026-01-04 11:00:00,TBM-01,69.2681106388186,0.17078456485485294,0
2026-01-04 12:00:00,TBM-01,80.7477579089567,3.1929038237419007,0
2026-01-04 13:00:00,TBM-02,79.00394526344338,3.6135413569775756,0
2026-01-04 14:00:00,EXCAV-05,87.45047933109478,0.6733608080123452,0
2026-01-04 15:00:00,TBM-01,68.87980321374303,1.891242365761056,0
2026-01-04 16:00:00,TBM-02,71.76150077647955,3.3572388349046776,0
2026-01-04 17:00:00,TBM-01,63.254835410612316,4.6517459227405284,1
2026-01-04 18:00:00,TBM-01,69.66848087908666,2.818714336907867,0
2026-01-04 19:00:00,TBM-01,79.52760591653822,2.1447973528937787,0
2026-01-04 20:00:00,TBM-01,84.08386339974422,2.6353932030056435,0
2026-01-04 21:00:00,EXCAV-05,63.934016109868494,4.037388777233366,0
2026-01-04 22:00:00,TBM-01,85.43527104126792,2.218632238787918,0
2026-01-04 23:00:00,TBM-01,91.26765430565942,2.080727194014772,0
2026-01-05 00:00:00,TBM-01,79.96121883868442,2.3655308300361706,0
2026-01-05 01:00:00,EXCAV-05,97.52154975069679,1.9420042525671586,1
2026-01-05 02:00:00,TBM-01,65.71452961075713,2.910403284395316,0
2026-01-05 03:00:00,TBM-01,60.06414356026299,4.262210612622605,0
2026-01-05 04:00:00,EXCAV-05,53.65535701314866,3.090771345804426,0
2026-01-05 05:00:00,EXCAV-05,92.9525317378702,2.572881848086341,0
2026-01-05 06:00:00,EXCAV-05,82.8523878762487,2.5373698579760102,0
2026-01-05 07:00:00,TBM-01,74.33298394907455,1.3931282721730085,0
2026-01-05 08:00:00,EXCAV-05,78.35962351583784,3.594798799432443,0
2026-01-05 09:00:00,EXCAV-05,61.49413143241948,2.729946522688478,0
2026-01-05 10:00:00,TBM-01,104.34902375540192,2.637568077768437,1
2026-01-05 11:00:00,EXCAV-05,76.55065418370273,5.673796811060375,1
2026-01-05 12:00:00,TBM-01,76.31273753525872,3.0688776175291173,0
2026-01-05 13:00:00,TBM-02,83.7091994867843,2.123388054914334,0
2026-01-05 14:00:00,EXCAV-05,80.77211078084056,2.416278163415011,0
2026-01-05 15:00:00,TBM-02,77.68660829134957,3.8336011382770794,0
2026-01-05 16:00:00,TBM-01,65.51430653465626,2.901943369483988,0
2026-01-05 17:00:00,EXCAV-05,80.65762028563195,1.5055498195143697,0
2026-01-05 18:00:00,TBM-01,97.5842939577004,3.627306041117683,1
2026-01-05 19:00:00,TBM-02,91.14504055385973,2.1986703230149054,0
2026-01-05 20:00:00,TBM-01,94.11823951967276,4.4859679985957905,0
2026-01-05 21:00:00,EXCAV-05,68.86541188282578,3.7720432591431834,0
2026-01-05 22:00:00,EXCAV-05,63.12474215689703,2.397410293907124,0
2026-01-05 23:00:00,TBM-02,73.49055695880422,3.9529147255616017,0
2026-01-06 00:00:00,TBM-01,75.66869894746434,2.861069959474663,0
2026-01-06 01:00:00,EXCAV-05,88.13029822165139,3.5674963076099973,0
2026-01-06 02:00:00,TBM-02,54.69042444342217,3.236259535565027,0
2026-01-06 03:00:00,EXCAV-05,93.35460383352736,2.0382790105082136,0
2026-01-06 04:00:00,EXCAV-05,73.10390521705213,2.220805150914284,0
2026-01-06 05:00:00,TBM-01,69.87742716063096,3.726964735823045,0
2026-01-06 06:00:00,EXCAV-05,62.85474749687799,2.498702201104113,0
2026-01-06 07:00:00,TBM-01,55.141719937610766,2.436716383082203,0
2026-01-06 08:00:00,EXCAV-05,84.87804700754297,1.940389678585582,0
2026-01-06 09:00:00,TBM-02,75.87981560626085,3.181239159034115,0
2026-01-06 10:00:00,EXCAV-05,59.52046920310735,4.6562724273188305,1
2026-01-06 11:00:00,TBM-01,59.459054735236606,1.8392203771711542,0
2026-01-06 12:00:00,TBM-01,70.97058360851847,2.821797511005482,0
2026-01-06 13:00:00,TBM-02,95.02825830347271,4.070998499873886,1
2026-01-06 14:00:00,EXCAV-05,71.88490378363674,2.728322747878856,0
2026-01-06 15:00:00,EXCAV-05,56.962284562582724,3.2071346166247605,0
2026-01-06 16:00:00,TBM-02,72.05108323096867,1.8438458246678082,0
2026-01-06 17:00:00,EXCAV-05,71.72731716302795,3.1854763874868834,0
2026-01-06 18:00:00,EXCAV-05,42.63736028470114,2.631570161495906,0
2026-01-06 19:00:00,TBM-01,74.34846160178625,3.6871569961118764,0
2026-01-06 20:00:00,EXCAV-05,72.22878563749586,3.868647446408276,0
2026-01-06 21:00:00,EXCAV-05,83.35447637776102,5.130607277816752,1
2026-01-06 22:00:00,TBM-02,97.18747313934415,3.321669855892218,1
2026-01-06 23:00:00,TBM-02,88.5187803545731,3.0932166849239495,0
2026-01-07 00:00:00,TBM-01,71.77333571334204,2.974945871419602,0
2026-01-07 01:00:00,EXCAV-05,61.721689095099954,2.4821503364703803,0
2026-01-07 02:00:00,EXCAV-05,105.88031763899832,3.1046354591155216,1
2026-01-07 03:00:00,EXCAV-05,75.71062120817386,2.5341387308748735,0
2026-01-07 04:00:00,TBM-01,75.16715150295535,2.9516148786426526,0
2026-01-07 05:00:00,TBM-01,74.71049895467996,3.9858377820471635,0
2026-01-07 06:00:00,TBM-02,77.37701712921427,1.8941116912483227,0
2026-01-07 07:00:00,TBM-01,73.2676750569127,3.825890705016141,0
2026-01-07 08:00:00,EXCAV-05,68.11605591743717,3.985403560605879,0
2026-01-07 09:00:00,EXCAV-05,68.4376927051153,2.693738325708029,0
2026-01-07 10:00:00,TBM-01,74.60696075740802,0.8903305908922647,0
2026-01-07 11:00:00,EXCAV-05,68.47890274639482,2.2529602116150107,0
2026-01-07 12:00:00,EXCAV-05,66.44585060787404,3.9672950919049983,0
2026-01-07 13:00:00,TBM-01,76.27716273230276,2.779418743931006,0
2026-01-07 14:00:00,TBM-01,71.94027339094974,1.9006279909345802,0
2026-01-07 15:00:00,EXCAV-05,93.04791586299226,2.345702570894604,0
2026-01-07 16:00:00,EXCAV-05,43.18836229928385,3.5565580238540977,0
2026-01-07 17:00:00,EXCAV-05,88.09808222306954,3.292060211381241,0
2026-01-07 18:00:00,TBM-02,89.95302230997154,2.5849611107472747,0
2026-01-07 19:00:00,TBM-02,50.11931721110221,2.469858029366781,0
2026-01-07 20:00:00,TBM-02,70.88774887103581,2.44741766586056,0
2026-01-07 21:00:00,TBM-01,70.5427096080505,1.9698308339513475,0
2026-01-07 22:00:00,TBM-02,58.109859663386146,4.253838120522498,0
2026-01-07 23:00:00,TBM-01,65.66619974890949,2.509911577709794,0
2026-01-08 00:00:00,TBM-01,61.67308985441005,3.8954426687429464,0
2026-01-08 01:00:00,TBM-02,96.02724532108347,4.169184446730206,1
2026-01-08 02:00:00,TBM-02,86.22814071776953,3.6984798083331643,0
2026-01-08 03:00:00,TBM-02,90.2586611399299,2.411541718553756,0
2026-01-08 04:00:00,EXCAV-05,83.66006476851882,3.1633570813029483,0
2026-01-08 05:00:00,TBM-02,61.45137874539325,2.7782239542481753,0
2026-01-08 06:00:00,EXCAV-05,68.70575680464272,1.9866683253428845,0
2026-01-08 07:00:00,TBM-01,80.87249473473501,3.0919233535494426,0
2026-01-08 08:00:00,EXCAV-05,60.33446629329666,1.7388641879561775,0
2026-01-08 09:00:00,TBM-02,83.55598116206866,3.868911449615407,0
2026-01-08 10:00:00,TBM-01,72.11609522210237,2.3818444324314463,0
2026-01-08 11:00:00,TBM-01,70.50215030940483,2.981043690285555,0
2026-01-08 12:00:00,TBM-01,83.5315196184419,3.0549590843915277,0
2026-01-08 13:00:00,EXCAV-05,80.33115973783248,2.56698552366633,0
2026-01-08 14:00:00,TBM-02,70.66840601017104,3.328024421327747,0
2026-01-08 15:00:00,TBM-01,88.91195764037097,2.372586709039728,0
2026-01-08 16:00:00,TBM-01,62.027240068801234,3.5841675677115195,0
2026-01-08 17:00:00,TBM-01,82.39122728333116,1.588618287777926,0
2026-01-08 18:00:00,EXCAV-05,82.11721509562061,2.9137416215917704,0
2026-01-08 19:00:00,EXCAV-05,71.28544272823211,4.5450360991524565,1
2026-01-08 20:00:00,TBM-02,78.91359626690542,1.8997018078549825,0
2026-01-08 21:00:00,EXCAV-05,59.986637083376365,2.1900295265276335,0
2026-01-08 22:00:00,TBM-01,86.08832423048281,3.2625170646930233,0
2026-01-08 23:00:00,TBM-02,72.78117436268413,2.961623603745638,0
2026-01-09 00:00:00,TBM-01,68.72732375377153,3.1155670893462033,0
2026-01-09 01:00:00,TBM-01,87.58811071004267,3.240268417132897,0
2026-01-09 02:00:00,EXCAV-05,66.54787571348689,3.3712493217055925,0
2026-01-09 03:00:00,TBM-02,58.09846444363728,3.7987298577606006,0
2026-01-09 04:00:00,EXCAV-05,56.320449917713155,3.168836791235661,0
2026-01-09 05:00:00,EXCAV-05,82.27211941614767,2.582868110843312,0
2026-01-09 06:00:00,TBM-02,59.6348477700446,3.405316331082458,0
2026-01-09 07:00:00,TBM-01,96.05753018381237,4.509893741405694,1
2026-01-09 08:00:00,TBM-01,50.016847105395335,2.6806296282556836,0
2026-01-09 09:00:00,TBM-02,95.35747641948046,1.9229236257964226,1
2026-01-09 10:00:00,TBM-01,77.53220960643142,3.796372602358275,0
2026-01-09 11:00:00,TBM-02,73.8394426575553,2.6916569524417615,0
2026-01-09 12:00:00,TBM-02,68.4609709582926,0.8445974085873673,0
2026-01-09 13:00:00,EXCAV-05,79.78963337222486,3.5626795094353794,0
2026-01-09 14:00:00,TBM-02,74.54838357090182,2.3182046326414696,0
2026-01-09 15:00:00,EXCAV-05,88.23962258419826,2.718520045926255,0
2026-01-09 16:00:00,TBM-01,76.37073178394448,3.098782297512113,0
2026-01-09 17:00:00,TBM-01,76.80362113754254,2.9714497118011596,0
2026-01-09 18:00:00,TBM-01,70.63665345343372,3.4385066354251355,0
2026-01-09 19:00:00,TBM-01,74.31665251534719,2.408062266487141,0
2026-01-09 20:00:00,EXCAV-05,78.6936212267047,3.261795218358474,0
2026-01-09 21:00:00,TBM-01,54.477979288120494,2.5664079901744743,0
2026-01-09 22:00:00,TBM-02,58.821774934731444,3.4649294327987525,0
2026-01-09 23:00:00,TBM-02,83.91916912827259,3.353830735611748,0
2026-01-10 00:00:00,TBM-02,77.0503852575353,1.958105168159864,0
2026-01-10 01:00:00,EXCAV-05,72.79219996376786,3.777383904557529,0
2026-01-10 02:00:00,TBM-01,75.22120719678472,2.3176328993973567,0
2026-01-10 03:00:00,TBM-01,79.17098046434005,3.5272520184530305,0
2026-01-10 04:00:00,TBM-01,68.52288383628766,3.1305585820612065,0
2026-01-10 05:00:00,EXCAV-05,65.66034329517225,4.454365309115611,0
2026-01-10 06:00:00,TBM-02,77.35014306117218,2.598880615865333,0
2026-01-10 07:00:00,TBM-02,63.259526668619614,2.4856148834936223,0
2026-01-10 08:00:00,TBM-01,79.89903306857366,2.7825223547010403,0
2026-01-10 09:00:00,TBM-02,54.56899674914592,2.527138195449152,0
2026-01-10 10:00:00,TBM-02,87.34986764790773,3.519947711747845,0
2026-01-10 11:00:00,EXCAV-05,80.67116978895652,1.3453204524070708,0
2026-01-10 12:00:00,EXCAV-05,78.07235681176651,1.851685822768281,0
2026-01-10 13:00:00,EXCAV-05,86.79229180734617,1.838977370578726,0
2026-01-10 14:00:00,EXCAV-05,94.98569333355093,3.655276832776218,0
2026-01-10 15:00:00,TBM-01,87.17244078021757,4.339552035323733,0
2026-01-10 16:00:00,EXCAV-05,52.909509224020255,2.7059957033162756,0
2026-01-10 17:00:00,TBM-02,59.645076399171586,2.64806044912899,0
2026-01-10 18:00:00,TBM-01,67.50217706765186,2.863046946801863,0
2026-01-10 19:00:00,TBM-02,75.31309260253,3.8456904723473713,0
2026-01-10 20:00:00,TBM-02,81.21190824562947,1.9653821792284831,0
2026-01-10 21:00:00,TBM-02,66.29107424215842,3.0145320844613064,0
2026-01-10 22:00:00,EXCAV-05,77.24120117372495,3.6776778668041867,0
2026-01-10 23:00:00,EXCAV-05,65.93540481176012,3.2509847529458606,0
2026-01-11 00:00:00,TBM-01,67.66178636409663,2.970623454938869,0
2026-01-11 01:00:00,TBM-01,58.120066837821334,3.700941483310427,0
2026-01-11 02:00:00,EXCAV-05,63.92120104666915,0.36709093630068645,0
2026-01-11 03:00:00,TBM-02,58.779784732604,3.4100877875778166,0
2026-01-11 04:00:00,TBM-01,63.28952096427201,2.2113318851853183,0
2026-01-11 05:00:00,EXCAV-05,87.64370155929407,1.1524303928291886,0
2026-01-11 06:00:00,EXCAV-05,63.607213334016684,3.2600823395724823,0
2026-01-11 07:00:00,EXCAV-05,106.5885847780487,4.036292690646662,1
2026-01-11 08:00:00,TBM-02,80.91981481057067,2.676296336835077,0
2026-01-11 09:00:00,EXCAV-05,77.21803348433849,3.657587092482645,0
2026-01-11 10:00:00,EXCAV-05,64.69970663782544,4.251050432189781,0
2026-01-11 11:00:00,EXCAV-05,83.40371855290789,3.9834230082256425,0
2026-01-11 12:00:00,EXCAV-05,68.09234608514672,4.275968076434253,0
2026-01-11 13:00:00,TBM-01,76.46411777574434,3.467914741964703,0
2026-01-11 14:00:00,TBM-01,105.72101445922553,2.8678902750114332,1
2026-01-11 15:00:00,EXCAV-05,73.8472812033042,1.3582307692925482,0
2026-01-11 16:00:00,TBM-02,88.7912799154281,2.578543760683046,0
2026-01-11 17:00:00,TBM-01,66.56188289848936,2.0410780642154274,0
2026-01-11 18:00:00,EXCAV-05,74.58013811403646,4.753848445748032,1
2026-01-11 19:00:00,TBM-01,96.24960762762612,2.6417027688108967,1
2026-01-11 20:00:00,TBM-01,67.47639530654679,2.910884326106037,0
2026-01-11 21:00:00,TBM-02,96.74938269596315,3.2963368384364204,1
2026-01-11 22:00:00,EXCAV-05,83.4930232254657,2.839242201735208,0
2026-01-11 23:00:00,EXCAV-05,68.25039868926879,4.325545936387678,0
2026-01-12 00:00:00,TBM-02,82.58889286866625,2.239615574438993,0
2026-01-12 01:00:00,TBM-02,86.67065339552076,2.9751467097135182,0
2026-01-12 02:00:00,EXCAV-05,82.46171954660636,2.1317764728717563,0
2026-01-12 03:00:00,EXCAV-05,56.15730336131452,1.6119797399013647,0
2026-01-12 04:00:00,TBM-02,66.27435389010158,2.249407818185243,0
2026-01-12 05:00:00,TBM-01,72.02977637338195,2.766666882656429,0
2026-01-12 06:00:00,TBM-01,74.10679885079945,2.4136279979344657,0
2026-01-12 07:00:00,TBM-02,82.44806517060813,2.1768211181135295,0
2026-01-12 08:00:00,TBM-01,77.13241201119905,1.5343142826953493,0
2026-01-12 09:00:00,TBM-02,58.97586769547878,2.7252049846341744,0
2026-01-12 10:00:00,TBM-01,79.56237421207156,1.4457516633720977,0
2026-01-12 11:00:00,TBM-01,82.32702894340588,3.484050367320642,0
2026-01-12 12:00:00,EXCAV-05,81.71748537517247,2.8741957776410527,0
2026-01-12 13:00:00,EXCAV-05,87.96936870665546,1.4882036504815623,0
2026-01-12 14:00:00,TBM-01,85.00706585458684,2.5217118306551227,0
2026-01-12 15:00:00,TBM-01,80.51016095074124,2.123059234968475,0
2026-01-12 16:00:00,EXCAV-05,74.15801146249623,3.0872570593772624,0
2026-01-12 17:00:00,EXCAV-05,55.0684687978081,4.00640540142083,0
2026-01-12 18:00:00,EXCAV-05,80.15541862959103,1.1123447773188297,0
2026-01-12 19:00:00,TBM-02,77.49225224595733,2.9035234712326754,0
2026-01-12 20:00:00,TBM-01,78.25894604634448,2.6558804839900234,0
2026-01-12 21:00:00,EXCAV-05,59.679017090156286,3.404206068805419,0
2026-01-12 22:00:00,TBM-01,62.02732151510085,2.99187696541392,0
2026-01-12 23:00:00,TBM-02,87.63783423999485,2.1232276014350626,0
2026-01-13 00:00:00,TBM-02,74.52533815372014,2.5128514579000436,0
2026-01-13 01:00:00,EXCAV-05,83.1780083684715,2.0835767288768596,0
2026-01-13 02:00:00,TBM-02,75.33982051356553,3.768406424738738,0
2026-01-13 03:00:00,TBM-01,75.35707367394895,2.8191804838047476,0
2026-01-13 04:00:00,EXCAV-05,86.25940567171197,4.5110716171777065,1
2026-01-13 05:00:00,TBM-01,68.80746326139152,2.745405267566841,0
2026-01-13 06:00:00,TBM-01,76.1534493232918,2.1624339097805834,0
2026-01-13 07:00:00,TBM-02,69.45269653553949,1.4376570466484553,0
2026-01-13 08:00:00,TBM-02,69.78604527081221,1.1771742913696492,0
2026-01-13 09:00:00,TBM-02,71.28993451837633,1.374277651295059,0
2026-01-13 10:00:00,TBM-02,77.66560525960455,3.0404139859103347,0
2026-01-13 11:00:00,TBM-02,69.25501654003827,3.2578525209069404,0
2026-01-13 12:00:00,EXCAV-05,90.06907350688225,1.3769283681710798,0
2026-01-13 13:00:00,TBM-01,64.26471237336595,3.605534482668504,0
2026-01-13 14:00:00,TBM-01,72.75754027006369,2.3652450534849043,0
2026-01-13 15:00:00,TBM-01,69.72322730070991,2.9321137107869943,0
2026-01-13 16:00:00,TBM-01,92.3637346122448,4.250998565429882,0
2026-01-13 17:00:00,TBM-02,77.3586573181389,3.6071553842789785,0
2026-01-13 18:00:00,TBM-01,87.38213447362362,2.5583224168847507,0
2026-01-13 19:00:00,EXCAV-05,57.173275523556335,1.9979269971262412,0
2026-01-13 20:00:00,EXCAV-05,78.2046031904311,0.8633661388036253,0
2026-01-13 21:00:00,TBM-01,85.67556954748125,2.152762012681822,0
2026-01-13 22:00:00,TBM-01,75.9874078713051,2.6099827850550747,0
2026-01-13 23:00:00,EXCAV-05,87.78576450078421,1.9115384255639343,0
2026-01-14 00:00:00,EXCAV-05,68.79253859879553,2.6818687296169257,0
2026-01-14 01:00:00,TBM-02,91.91216928222696,2.869166694662891,0
2026-01-14 02:00:00,EXCAV-05,102.586777483431,2.5976296163727293,1
2026-01-14 03:00:00,TBM-02,70.64593727472409,2.214997677258886,0
2026-01-14 04:00:00,TBM-02,69.65396974319074,2.951789204770055,0
2026-01-14 05:00:00,TBM-02,92.44061372541242,3.197746584612468,0
2026-01-14 06:00:00,TBM-02,93.95486574876855,1.8186408303014385,0
2026-01-14 07:00:00,TBM-02,68.72567967416077,4.069839141771643,0
2026-01-14 08:00:00,TBM-01,69.95775819484972,2.7112706809441645,0
2026-01-14 09:00:00,EXCAV-05,71.61858469367391,2.816964660650363,0
2026-01-14 10:00:00,TBM-02,58.866593867588676,3.4373929809309014,0
2026-01-14 11:00:00,EXCAV-05,63.97617664218962,3.0098945181371515,0
2026-01-14 12:00:00,EXCAV-05,62.95031079897518,3.6578229705219205,0
2026-01-14 13:00:00,TBM-02,65.78642921875046,3.0584117486816416,0
2026-01-14 14:00:00,TBM-01,74.58378135135862,2.248806362823606,0
2026-01-14 15:00:00,TBM-02,77.81057679043825,3.1253531726854913,0
2026-01-14 16:00:00,TBM-01,93.60600591376893,1.7706464134114042,0
2026-01-14 17:00:00,EXCAV-05,63.01975151113451,2.8977037351988706,0
2026-01-14 18:00:00,TBM-01,86.811868781719,2.7700930084199853,0
2026-01-14 19:00:00,TBM-01,72.43213386929389,2.612694828454714,0
2026-01-14 20:00:00,TBM-01,74.4064354841708,2.684316239704962,0
2026-01-14 21:00:00,EXCAV-05,83.09783390599924,1.1063358590521246,0
2026-01-14 22:00:00,EXCAV-05,61.527335741252415,2.3061475830331344,0
2026-01-14 23:00:00,TBM-01,79.58891695420861,2.8835604110270032,0
2026-01-15 00:00:00,TBM-01,76.99742649855668,2.94387075279766,0
2026-01-15 01:00:00,TBM-02,80.9094151680978,1.8750923731666376,0
2026-01-15 02:00:00,TBM-01,78.47002372689381,3.9391370567782307,0
2026-01-15 03:00:00,TBM-02,104.46360167893073,2.020442636606949,1
2026-01-15 04:00:00,TBM-01,67.3471201889842,3.672511480474063,0
2026-01-15 05:00:00,TBM-02,68.62803653997818,3.1844749256845164,0
2026-01-15 06:00:00,EXCAV-05,67.52231368290283,2.218395421140577,0
2026-01-15 07:00:00,TBM-01,68.33427457007694,4.397779803348561,0
2026-01-15 08:00:00,TBM-01,67.35135447232179,1.7257268514191677,0
2026-01-15 09:00:00,TBM-01,89.26819837329062,3.6272387562490014,0
2026-01-15 10:00:00,TBM-01,92.04605097587826,3.7005240862386803,0
2026-01-15 11:00:00,TBM-02,68.15104447500629,2.1964418118310194,0
2026-01-15 12:00:00,TBM-01,65.01173312274926,4.053218770057896,0
2026-01-15 13:00:00,EXCAV-05,80.65698667663685,2.574958136860942,0
2026-01-15 14:00:00,EXCAV-05,68.37332346862834,3.059824266351871,0
2026-01-15 15:00:00,TBM-01,82.59518181306613,3.0342896548940983,0
2026-01-15 16:00:00,EXCAV-05,77.4350762502156,2.6791221326765067,0
2026-01-15 17:00:00,TBM-01,56.81107062003322,3.529727445843804,0
2026-01-15 18:00:00,TBM-01,93.57006241596073,3.5141398484969915,0
2026-01-15 19:00:00,EXCAV-05,96.55053207714626,1.2263212240856372,1
2026-01-15 20:00:00,TBM-01,67.64653571418737,3.9739062185903373,0
2026-01-15 21:00:00,EXCAV-05,70.3475812807682,1.303757210767893,0
2026-01-15 22:00:00,TBM-02,78.43038468869887,3.7292915839074916,0
2026-01-15 23:00:00,TBM-01,79.0134814798443,3.814034623144825,0
2026-01-16 00:00:00,TBM-02,82.90253127207396,1.8181302128063215,0
2026-01-16 01:00:00,EXCAV-05,99.1224544651962,2.4302671408408734,1
2026-01-16 02:00:00,TBM-02,72.87663327007141,1.8048657983626577,0
2026-01-16 03:00:00,TBM-02,65.42043306553856,2.606571072740138,0
2026-01-16 04:00:00,EXCAV-05,58.448169263825676,2.5227691442328326,0
2026-01-16 05:00:00,TBM-02,66.22883952069697,3.501694479042406,0
2026-01-16 06:00:00,TBM-02,74.60247632551443,3.979277871507647,0
2026-01-16 07:00:00,EXCAV-05,96.53469436221346,4.05611542971096,1
2026-01-16 08:00:00,TBM-02,68.78866441156595,2.294048776079528,0
2026-01-16 09:00:00,EXCAV-05,77.68545541966678,2.6117003136299246,0
2026-01-16 10:00:00,TBM-02,74.80292524712698,1.2849056270011445,0
2026-01-16 11:00:00,EXCAV-05,89.260719281377,2.07471694015343,0
2026-01-16 12:00:00,EXCAV-05,105.32318911048347,3.6683664697877116,1
2026-01-16 13:00:00,TBM-02,68.62957472495616,4.254024541193409,0
2026-01-16 14:00:00,TBM-02,69.12672668978134,1.68908601530807,0
2026-01-16 15:00:00,TBM-02,87.52993052482887,2.266782166762395,0
2026-01-16 16:00:00,TBM-01,83.18269787551574,2.7762348187369654,0
2026-01-16 17:00:00,TBM-01,97.16048790883241,3.0521450429376458,1
2026-01-16 18:00:00,TBM-01,82.00713822391157,2.071356832070518,0
2026-01-16 19:00:00,EXCAV-05,70.68849491055529,3.1816549400176806,0
2026-01-16 20:00:00,TBM-02,82.08785796830772,2.373544587636175,0
2026-01-16 21:00:00,EXCAV-05,88.3044429669949,2.7869929562095486,0
2026-01-16 22:00:00,TBM-01,84.84578617436837,3.2916558232033295,0
2026-01-16 23:00:00,TBM-02,81.08728837328758,2.805780042829844,0
2026-01-17 00:00:00,EXCAV-05,87.80009627506985,2.4072526985260883,0
2026-01-17 01:00:00,TBM-02,89.03154708534808,2.701351176466752,0
2026-01-17 02:00:00,EXCAV-05,91.58590789245032,2.720473336715198,0
2026-01-17 03:00:00,TBM-02,82.78451865107571,2.4669900731060848,0
2026-01-17 04:00:00,TBM-01,72.99458303619775,2.5670835435996078,0
2026-01-17 05:00:00,TBM-01,76.76056423719987,4.238782453454245,0
2026-01-17 06:00:00,TBM-02,89.47810759810028,3.3048275031471146,0
2026-01-17 07:00:00,EXCAV-05,65.19677194815317,2.5340677137737555,0
2026-01-17 08:00:00,TBM-01,79.42407970647481,3.427258964059662,0
2026-01-17 09:00:00,TBM-01,70.27993425207167,2.499562459219591,0
2026-01-17 10:00:00,TBM-01,75.34493787521781,3.855812173827977,0
2026-01-17 11:00:00,TBM-02,90.34142235128758,3.1326779729782843,0
2026-01-17 12:00:00,TBM-02,77.29318881623884,2.703428070396194,0
2026-01-17 13:00:00,EXCAV-05,75.55723857787379,3.20294523322925,0
2026-01-17 14:00:00,EXCAV-05,58.68172630824097,1.3862114631383504,0
2026-01-17 15:00:00,EXCAV-05,83.95504279232665,1.785909277981175,0
2026-01-17 16:00:00,TBM-02,82.7458101736929,1.7254674942408499,0
2026-01-17 17:00:00,TBM-02,100.95905667966552,2.928648785287336,1
2026-01-17 18:00:00,EXCAV-05,71.30666118056399,4.359263499536583,0
2026-01-17 19:00:00,EXCAV-05,77.62980393196727,4.80817013157337,1
2026-01-17 20:00:00,TBM-02,77.99260420452906,3.3742459912966813,0
2026-01-17 21:00:00,EXCAV-05,93.9294393571617,3.2507600274500112,0
2026-01-17 22:00:00,TBM-01,73.85645361135657,1.1790480392625347,0
2026-01-17 23:00:00,TBM-02,78.34825830924407,2.3115935802393803,0
2026-01-18 00:00:00,EXCAV-05,82.29475811659847,2.090994623282585,0
2026-01-18 01:00:00,TBM-02,77.2393094778763,2.2412371615739954,0
2026-01-18 02:00:00,TBM-01,69.64279662539366,2.648670563273689,0
2026-01-18 03:00:00,TBM-02,77.3290799147797,2.3751184800725853,0
2026-01-18 04:00:00,TBM-02,87.88358099831726,1.0186301706617908,0
2026-01-18 05:00:00,TBM-02,62.681816407067274,3.4731192305057803,0
2026-01-18 06:00:00,TBM-02,76.59563608976251,1.834531276834174,0
2026-01-18 07:00:00,TBM-01,66.59855022072992,3.0153221777000345,0
2026-01-18 08:00:00,TBM-02,89.34055954709811,4.6666744027749765,1
2026-01-18 09:00:00,TBM-02,56.721757142594704,1.9725538675722187,0
2026-01-18 10:00:00,EXCAV-05,68.29293783274093,0.5227412295283029,0
2026-01-18 11:00:00,TBM-02,79.52654250077426,2.5425962003079,0
2026-01-18 12:00:00,EXCAV-05,93.78628835081209,3.790863671498714,0
2026-01-18 13:00:00,TBM-01,74.21099686712415,4.562512708798534,1
2026-01-18 14:00:00,TBM-01,68.33760567968162,1.6934053649928247,0
2026-01-18 15:00:00,TBM-01,97.57388483328708,3.2470293009128692,1
2026-01-18 16:00:00,TBM-01,57.623833195005076,2.3812205888979516,0
2026-01-18 17:00:00,EXCAV-05,48.61432852055901,2.704646481126278,0
2026-01-18 18:00:00,TBM-02,80.28017340064,5.179909012315331,1
2026-01-18 19:00:00,TBM-01,68.97534930776867,1.4473267044443618,0
2026-01-18 20:00:00,TBM-02,62.74520619443144,3.028365695345116,0
2026-01-18 21:00:00,EXCAV-05,83.50027736759225,3.22092385458889,0
2026-01-18 22:00:00,EXCAV-05,77.92560856525438,3.7772076924454123,0
2026-01-18 23:00:00,EXCAV-05,68.23105643115926,2.8881848381238058,0
2026-01-19 00:00:00,TBM-01,59.63634721594927,3.077245485553692,0
2026-01-19 01:00:00,TBM-02,85.46948793936174,2.447516289320388,0
2026-01-19 02:00:00,TBM-02,82.80241413550394,3.0422142471205964,0
2026-01-19 03:00:00,TBM-02,73.8098896346474,2.4911269520523303,0
2026-01-19 04:00:00,EXCAV-05,97.159643952572,3.3594147008704454,1
2026-01-19 05:00:00,TBM-01,62.158982804086165,2.4673506975607293,0
2026-01-19 06:00:00,EXCAV-05,56.693697948903136,3.1393903545119675,0
2026-01-19 07:00:00,EXCAV-05,66.69710316142506,2.7736634676835195,0
2026-01-19 08:00:00,TBM-02,74.45296780373403,3.8134452256949514,0
2026-01-19 09:00:00,EXCAV-05,77.92007339187231,2.753745648770362,0
2026-01-19 10:00:00,TBM-02,72.10516730572404,1.2042707786138065,0
2026-01-19 11:00:00,TBM-01,79.22466475817156,3.9357293506425926,0
2026-01-19 12:00:00,TBM-02,59.981526909714674,1.9848409292236426,0
2026-01-19 13:00:00,TBM-01,92.3251752488791,2.211610295216062,0
2026-01-19 14:00:00,TBM-02,74.01418585928917,2.263904835360857,0
2026-01-19 15:00:00,EXCAV-05,88.40754997905753,4.036994283853735,0
2026-01-19 16:00:00,EXCAV-05,79.11270415653244,0.8778932074191739,0
2026-01-19 17:00:00,TBM-01,80.4810386298454,5.623973680293995,1
2026-01-19 18:00:00,TBM-01,81.83720736278644,3.7504511281594466,0
2026-01-19 19:00:00,TBM-01,80.37250272020778,3.0009150227162436,0
2026-01-19 20:00:00,TBM-02,82.71267311841052,2.7505953994453423,0
2026-01-19 21:00:00,TBM-02,90.94983036158918,3.056998667371891,0
2026-01-19 22:00:00,TBM-01,77.35825403641765,3.269010185541404,0
2026-01-19 23:00:00,EXCAV-05,83.50804509106214,3.380694027355051,0
2026-01-20 00:00:00,TBM-02,73.92317166855328,3.3000440194031033,0
2026-01-20 01:00:00,TBM-02,92.28140658539368,2.8806226131297237,0
2026-01-20 02:00:00,TBM-02,66.88329237528876,2.6223954217234065,0
2026-01-20 03:00:00,TBM-01,96.61128519492979,2.6638540447118393,1
2026-01-20 04:00:00,TBM-01,74.51810459226787,2.624582547682587,0
2026-01-20 05:00:00,TBM-01,57.830698774583425,3.820393087180358,0
2026-01-20 06:00:00,TBM-01,76.53725297892947,3.3342010500527755,0
2026-01-20 07:00:00,TBM-01,66.82738011030143,0.15365022880214774,0
2026-01-20 08:00:00,EXCAV-05,85.08772258786469,3.390310698876785,0
2026-01-20 09:00:00,EXCAV-05,67.16851224837131,2.975262575246897,0
2026-01-20 10:00:00,TBM-01,69.64579880142264,2.783162119198692,0
2026-01-20 11:00:00,TBM-02,52.325511228653625,2.450333392220003,0
2026-01-20 12:00:00,TBM-01,69.57232416901108,3.811701447987412,0
2026-01-20 13:00:00,EXCAV-05,45.91344808045252,3.652773815910572,0
2026-01-20 14:00:00,EXCAV-05,55.99316611817132,2.1044100989587515,0
2026-01-20 15:00:00,TBM-02,84.12497587373157,3.1663470584120814,0
2026-01-20 16:00:00,EXCAV-05,84.42960190380998,1.9255089389128424,0
2026-01-20 17:00:00,TBM-01,80.10549074141957,1.5583436516899623,0
2026-01-20 18:00:00,TBM-02,63.396286282449445,2.2359544978690313,0
2026-01-20 19:00:00,TBM-01,74.42746372629624,3.5761541251444826,0
2026-01-20 20:00:00,TBM-01,74.95676953091318,3.657812540838478,0
2026-01-20 21:00:00,TBM-02,61.09962372968948,3.2617768780875633,0
2026-01-20 22:00:00,TBM-01,93.04077962120581,3.452586208163197,0
2026-01-20 23:00:00,EXCAV-05,85.52834748690806,3.264560458403462,0
2026-01-21 00:00:00,TBM-01,72.34842991404403,2.2226665642993426,0
2026-01-21 01:00:00,TBM-02,75.32263006793437,3.1887302902065464,0
2026-01-21 02:00:00,TBM-02,77.50059369537063,3.520368572704914,0
2026-01-21 03:00:00,TBM-02,50.49918157890851,3.4788621968322166,0
2026-01-21 04:00:00,TBM-01,72.03387140975283,3.8700220343271785,0
2026-01-21 05:00:00,TBM-02,66.81618902402641,3.4374734624809573,0
2026-01-21 06:00:00,TBM-02,62.980559881261016,3.1163033867874246,0
2026-01-21 07:00:00,TBM-01,71.62679648536854,3.7631352144847847,0
2026-01-21 08:00:00,EXCAV-05,96.57223832219427,2.776130866675846,1
2026-01-21 09:00:00,TBM-01,82.69011433520411,2.006312813895054,0
2026-01-21 10:00:00,TBM-02,68.14585212260644,2.6532397324506123,0
2026-01-21 11:00:00,TBM-02,81.8709933762739,2.1295876196741954,0
2026-01-21 12:00:00,TBM-01,91.79226523903202,2.1923395525230562,0
2026-01-21 13:00:00,EXCAV-05,86.09560419495322,2.669933196356034,0
2026-01-21 14:00:00,TBM-02,75.71556443904208,2.086822071100035,0
2026-01-21 15:00:00,TBM-02,67.23675866753311,2.5228346233248637,0
2026-01-21 16:00:00,TBM-02,83.37867976336308,1.0957467997415926,0
2026-01-21 17:00:00,TBM-01,79.72182462506099,2.9919643366356445,0
2026-01-21 18:00:00,TBM-02,85.74231864033278,2.8010849278260017,0
2026-01-21 19:00:00,EXCAV-05,82.62206162018363,2.064620232038628,0
2026-01-21 20:00:00,TBM-02,87.59463258383202,3.3933211015891644,0
2026-01-21 21:00:00,TBM-02,68.57717746127318,3.6438131238639024,0
2026-01-21 22:00:00,EXCAV-05,90.80872878761191,1.3531961220679232,0
2026-01-21 23:00:00,TBM-02,77.3711952563088,2.113547699290407,0
2026-01-22 00:00:00,TBM-01,99.90313047150319,2.1077718851914313,1
2026-01-22 01:00:00,TBM-01,66.72974618292518,1.9540872090020216,0
2026-01-22 02:00:00,TBM-01,95.83156563798299,3.546527357738573,1
2026-01-22 03:00:00,EXCAV-05,77.37492940155177,2.6255564751044767,0
2026-01-22 04:00:00,TBM-02,67.18298395662661,2.56193664282045,0
2026-01-22 05:00:00,TBM-01,69.19336999134813,0.9965238720339216,0
2026-01-22 06:00:00,EXCAV-05,71.15583230166816,3.3718762271883036,0
2026-01-22 07:00:00,TBM-02,80.08999135682299,1.6846674446318746,0
2026-01-22 08:00:00,EXCAV-05,81.274025856426,2.853939367239695,0
2026-01-22 09:00:00,TBM-01,68.11559995273706,3.0496392441623725,0
2026-01-22 10:00:00,TBM-01,74.7077448928682,4.024592736254785,0
2026-01-22 11:00:00,TBM-01,100.70724430334236,1.622061640792799,1
2026-01-22 12:00:00,EXCAV-05,95.73051804120854,0.08243905976125676,1
2026-01-22 13:00:00,EXCAV-05,80.23588403608838,2.965464590278325,0
2026-01-22 14:00:00,TBM-01,75.4560417380184,4.420460063359768,0
2026-01-22 15:00:00,EXCAV-05,76.44037592061913,3.9150517176454933,0
2026-01-22 16:00:00,TBM-01,82.362215672765,2.988693473747163,0
2026-01-22 17:00:00,TBM-01,62.72648921761913,2.3575274329311573,0
2026-01-22 18:00:00,TBM-02,71.91148155091986,3.526410336973579,0
2026-01-22 19:00:00,EXCAV-05,54.97699111346893,1.923808420265978,0
2026-01-22 20:00:00,TBM-01,79.79067747126335,3.228721992420597,0
2026-01-22 21:00:00,TBM-01,82.76635127643289,3.254923143249964,0
2026-01-22 22:00:00,EXCAV-05,69.20176245240751,3.7541889167489915,0
2026-01-22 23:00:00,TBM-02,93.88784115948039,5.28369403501997,1
2026-01-23 00:00:00,TBM-02,60.290812043971904,3.1531743704608903,0
2026-01-23 01:00:00,TBM-01,57.42750143748216,2.3419327368632508,0
2026-01-23 02:00:00,EXCAV-05,77.69342182271967,2.776983119027205,0
2026-01-23 03:00:00,TBM-02,87.56517963134586,1.2078316855997933,0
2026-01-23 04:00:00,EXCAV-05,95.20713229749443,2.1747581820198474,1
2026-01-23 05:00:00,EXCAV-05,69.49338884557272,2.4316458056982064,0
2026-01-23 06:00:00,TBM-01,87.94417000117555,2.3283204418588666,0
2026-01-23 07:00:00,TBM-02,74.53789836599151,2.93711938483035,0
2026-01-23 08:00:00,TBM-01,72.92847240071016,2.0598220608560194,0
2026-01-23 09:00:00,TBM-02,85.60391924984006,3.808927600592024,0
2026-01-23 10:00:00,TBM-02,82.82787454096103,2.800186358426377,0
2026-01-23 11:00:00,TBM-02,56.08329411618901,2.791629710975247,0
2026-01-23 12:00:00,TBM-02,92.71848419671075,2.504894755138374,0
2026-01-23 13:00:00,TBM-02,91.56109624976942,2.939671615473081,0
2026-01-23 14:00:00,EXCAV-05,67.49324758188564,3.542588438200871,0
2026-01-23 15:00:00,TBM-01,79.7496424012489,2.0195828058601895,0
2026-01-23 16:00:00,EXCAV-05,80.92836223539287,2.207695159832269,0
2026-01-23 17:00:00,TBM-02,78.12808518988689,2.526646574101002,0
2026-01-23 18:00:00,TBM-01,68.39633815385496,1.5887161688741063,0
2026-01-23 19:00:00,TBM-02,66.94051958474338,2.0626679262506515,0
2026-01-23 20:00:00,TBM-01,74.69335114810265,2.371401213809807,0
2026-01-23 21:00:00,EXCAV-05,89.07274823111237,3.5869502626414547,0
2026-01-23 22:00:00,TBM-01,81.52320185513318,3.036305196101732,0
2026-01-23 23:00:00,TBM-01,70.55262801496673,2.9742309202307897,0
2026-01-24 00:00:00,TBM-01,84.26038452778013,3.5658081659511747,0
2026-01-24 01:00:00,TBM-01,40.817488552439094,2.6763653904405427,0
2026-01-24 02:00:00,TBM-01,88.78518840446525,3.1514183649360006,0
2026-01-24 03:00:00,TBM-02,54.1234346546628,2.707100422360753,0
2026-01-24 04:00:00,TBM-01,70.65070870316241,3.0388261144596656,0
2026-01-24 05:00:00,TBM-01,61.563961264486274,2.275517208149576,0
2026-01-24 06:00:00,EXCAV-05,59.46382229134913,0.6050645575512137,0
2026-01-24 07:00:00,TBM-01,88.92992144854223,2.679148754032326,0
2026-01-24 08:00:00,EXCAV-05,69.38758558425731,4.080473322489945,0
2026-01-24 09:00:00,TBM-02,79.15804658076858,3.633593862017433,0
2026-01-24 10:00:00,TBM-01,74.4369530534498,3.6688577361320536,0
2026-01-24 11:00:00,EXCAV-05,80.72448992667746,3.9125176496255962,0
2026-01-24 12:00:00,EXCAV-05,75.92186269272307,2.8797918318652935,0
2026-01-24 13:00:00,TBM-02,59.604093309737166,2.977584136665036,0
2026-01-24 14:00:00,TBM-01,86.95520183336568,2.2441132941090847,0
2026-01-24 15:00:00,TBM-01,69.07492100206424,2.515534429575655,0
2026-01-24 16:00:00,EXCAV-05,56.321017216082986,3.3541940347940273,0
2026-01-24 17:00:00,TBM-01,69.86261806840905,3.8834959934519344,0
2026-01-24 18:00:00,EXCAV-05,93.00911748761173,2.6744983518871,0
2026-01-24 19:00:00,TBM-01,85.20266090536191,2.3948296616337292,0
2026-01-24 20:00:00,EXCAV-05,70.81617438710569,2.8004751629709372,0
2026-01-24 21:00:00,TBM-01,70.80890754817885,3.341086074036203,0
2026-01-24 22:00:00,TBM-02,71.14037938539141,1.500530665479812,0
2026-01-24 23:00:00,TBM-01,99.92097580273008,0.7334371421764856,1
2026-01-25 00:00:00,TBM-01,79.58322542677864,2.3045168354575747,0
2026-01-25 01:00:00,TBM-02,80.16049976629283,1.701358816677257,0
2026-01-25 02:00:00,TBM-01,87.3634014483821,2.34267382211742,0
2026-01-25 03:00:00,TBM-02,77.86546990831816,2.6669977130642755,0
2026-01-25 04:00:00,TBM-01,71.89149425015157,2.3920764318792878,0
2026-01-25 05:00:00,EXCAV-05,72.64380181098026,4.1072207810236705,0
2026-01-25 06:00:00,EXCAV-05,74.14078488703123,3.094070288142088,0
2026-01-25 07:00:00,TBM-01,74.5533331618819,3.0704269236497455,0
2026-01-25 08:00:00,TBM-01,83.73155452364375,3.3599864296390614,0
2026-01-25 09:00:00,TBM-01,75.6233506296876,1.7750501939973076,0
2026-01-25 10:00:00,EXCAV-05,83.79168092658695,3.735200608678242,0
2026-01-25 11:00:00,TBM-01,74.03140103869701,2.731812142118086,0
2026-01-25 12:00:00,EXCAV-05,75.94362228379309,3.403432555517091,0
2026-01-25 13:00:00,TBM-02,51.02159178561471,1.8353284902638598,0
2026-01-25 14:00:00,EXCAV-05,85.99593209642978,1.401617110585542,0
2026-01-25 15:00:00,EXCAV-05,79.15786171077592,3.5361006922225258,0
2026-01-25 16:00:00,TBM-02,86.97612131831582,3.1387685734877646,0
2026-01-25 17:00:00,EXCAV-05,40.24493546167573,1.9881536010782406,0
2026-01-25 18:00:00,TBM-01,100.06049645736873,2.017303226852775,1
2026-01-25 19:00:00,TBM-01,73.32492446213791,3.8128913059732925,0
2026-01-25 20:00:00,EXCAV-05,88.2981938008502,1.7295292964194047,0
2026-01-25 21:00:00,TBM-01,62.52112887449363,4.278405657930367,0
2026-01-25 22:00:00,EXCAV-05,82.35328686075084,1.9894413388169179,0
2026-01-25 23:00:00,TBM-01,62.35901324191613,3.3745527330475444,0
2026-01-26 00:00:00,TBM-01,67.51477247165033,2.504243371825914,0
2026-01-26 01:00:00,EXCAV-05,97.96837624640143,3.3428686879741085,1
2026-01-26 02:00:00,TBM-01,72.71181119083984,2.3102973980972266,0
2026-01-26 03:00:00,EXCAV-05,77.60919447815668,2.653486384534935,0
2026-01-26 04:00:00,TBM-01,85.44081276826505,2.836827257856149,0
2026-01-26 05:00:00,TBM-01,80.94818265567126,1.8980312897966742,0
2026-01-26 06:00:00,TBM-02,76.80502686172292,3.4667419108781132,0
2026-01-26 07:00:00,TBM-02,79.3795320295947,2.338107790175573,0
2026-01-26 08:00:00,EXCAV-05,103.84098702285931,2.594260076193983,1
2026-01-26 09:00:00,TBM-02,74.30857443559698,1.9050855628523387,0
2026-01-26 10:00:00,EXCAV-05,77.41318856057961,0.4938997070842204,0
2026-01-26 11:00:00,TBM-02,87.60785275209135,2.628075013659848,0
2026-01-26 12:00:00,TBM-01,88.2663111954958,4.971353879451624,1
2026-01-26 13:00:00,EXCAV-05,89.24436366672457,3.5061438591082212,0
2026-01-26 14:00:00,EXCAV-05,82.66476266435022,2.7826656582390448,0
2026-01-26 15:00:00,TBM-01,61.283941047234194,2.563398253712559,0
2026-01-26 16:00:00,EXCAV-05,94.60117838761315,2.8202193035308416,0
2026-01-26 17:00:00,EXCAV-05,61.243855283775744,3.292407203657689,0
2026-01-26 18:00:00,TBM-02,78.6316255828684,1.7372684662220395,0
2026-01-26 19:00:00,EXCAV-05,65.9486897997677,3.8028895252019845,0
2026-01-26 20:00:00,TBM-01,74.23033984088408,3.4438431838971195,0
2026-01-26 21:00:00,TBM-02,78.94514892364177,3.4463671531371407,0
2026-01-26 22:00:00,TBM-02,78.85628658540328,3.1946281649287545,0
2026-01-26 23:00:00,TBM-01,80.06304905082342,2.8176549919245906,0
2026-01-27 00:00:00,TBM-01,94.36453522870377,3.405575112370138,0
2026-01-27 01:00:00,TBM-02,80.44241161816775,3.33263272036724,0
2026-01-27 02:00:00,EXCAV-05,72.07012037651222,2.4813633601530785,0
2026-01-27 03:00:00,TBM-02,86.56904601946029,2.283758404392789,0
2026-01-27 04:00:00,TBM-01,89.2736458670957,2.891670665735788,0
2026-01-27 05:00:00,TBM-02,60.26870621835609,4.1941181363456685,0
2026-01-27 06:00:00,TBM-01,82.1688008381983,1.684803631911489,0
2026-01-27 07:00:00,TBM-02,83.41407290773078,1.4792272608228039,0
2026-01-27 08:00:00,EXCAV-05,71.4292379596801,2.948284757112865,0
2026-01-27 09:00:00,TBM-02,91.50848175973942,2.845798931670416,0
2026-01-27 10:00:00,TBM-02,73.19933295560968,2.956007497933367,0
2026-01-27 11:00:00,TBM-01,76.5069174416585,3.01955787811765,0
2026-01-27 12:00:00,TBM-01,72.92313810859356,2.5991179708286754,0
2026-01-27 13:00:00,TBM-01,75.1869485709776,4.140877094741874,0
2026-01-27 14:00:00,TBM-02,61.84469895725758,1.3591864193711358,0
2026-01-27 15:00:00,EXCAV-05,57.719389408868466,2.0543526776977785,0
2026-01-27 16:00:00,TBM-01,94.13406075869966,2.707070715865857,0
2026-01-27 17:00:00,TBM-01,64.83646382018007,1.3211300699612492,0
2026-01-27 18:00:00,TBM-02,63.10329180652431,2.641731036011136,0
2026-01-27 19:00:00,TBM-01,49.15931863675542,4.295323149155216,0
2026-01-27 20:00:00,EXCAV-05,67.33245902772597,2.8187978394663653,0
2026-01-27 21:00:00,EXCAV-05,59.12292247911002,3.0076308151468147,0
2026-01-27 22:00:00,TBM-01,94.70418192163643,1.6658517113446776,0
2026-01-27 23:00:00,TBM-01,87.11780507211161,2.24527473276447,0
2026-01-28 00:00:00,TBM-02,66.74219585786732,2.4623232577084564,0
2026-01-28 01:00:00,EXCAV-05,102.0292296641317,2.5140564129193894,1
2026-01-28 02:00:00,EXCAV-05,86.78118584389912,3.9534794155033914,0
2026-01-28 03:00:00,TBM-01,71.10202339789653,3.301921954652612,0
2026-01-28 04:00:00,TBM-02,45.00713142151712,1.799687838756671,0
2026-01-28 05:00:00,EXCAV-05,102.4913108710889,3.0218543005888043,1
2026-01-28 06:00:00,EXCAV-05,58.32513039883685,3.2483995736471063,0
2026-01-28 07:00:00,TBM-02,55.2552150365173,3.8261341346691395,0
2026-01-28 08:00:00,TBM-02,87.27084518411569,4.222486617911536,0
2026-01-28 09:00:00,EXCAV-05,104.27702887607127,1.886415227354918,1
2026-01-28 10:00:00,EXCAV-05,91.61127382212622,2.0702282399106955,0
2026-01-28 11:00:00,TBM-02,81.76690944062831,1.6681799269768451,0
2026-01-28 12:00:00,EXCAV-05,82.13705209998344,2.5893821268037165,0
2026-01-28 13:00:00,TBM-01,85.2409867053637,3.219722537001701,0
2026-01-28 14:00:00,TBM-01,84.10714307744118,3.6886010649301917,0
2026-01-28 15:00:00,TBM-02,78.37429708763251,2.7316440787217293,0
2026-01-28 16:00:00,TBM-02,76.25041324742251,2.5121372290706403,0
2026-01-28 17:00:00,TBM-02,74.24888246520572,2.9365821930238662,0
2026-01-28 18:00:00,TBM-01,65.95242493359989,2.048371388532979,0
2026-01-28 19:00:00,EXCAV-05,71.63189907759872,4.680584849525296,1
2026-01-28 20:00:00,TBM-01,54.684518229655374,1.353105075593747,0
2026-01-28 21:00:00,EXCAV-05,73.81992447846301,2.966266521006152,0
2026-01-28 22:00:00,TBM-01,63.13690671418899,4.621245597306675,1
2026-01-28 23:00:00,EXCAV-05,61.75692819341075,2.8061198601039976,0
2026-01-29 00:00:00,TBM-01,77.15872981384175,2.6289648684986546,0
2026-01-29 01:00:00,TBM-02,91.70402743613519,2.4782991194706154,0
2026-01-29 02:00:00,TBM-01,86.01979927202775,2.6376474864138326,0
2026-01-29 03:00:00,EXCAV-05,56.15399275652187,4.035563627208877,0
2026-01-29 04:00:00,TBM-01,63.12446236115595,0.8093242798034437,0
2026-01-29 05:00:00,TBM-01,86.2892542558586,4.180090331166693,0
2026-01-29 06:00:00,TBM-01,63.210151277540284,1.518438562794869,0
2026-01-29 07:00:00,TBM-02,72.30440220003571,2.5600129036890267,0
2026-01-29 08:00:00,TBM-01,81.60062518829463,2.413680021731204,0
2026-01-29 09:00:00,TBM-02,63.379866541636375,3.3296979427936475,0
2026-01-29 10:00:00,TBM-02,76.26450607375152,1.361688083304627,0
2026-01-29 11:00:00,TBM-01,58.991694060981544,3.2159553994737484,0
2026-01-29 12:00:00,TBM-01,67.78358827258543,4.621878660958167,1
2026-01-29 13:00:00,TBM-01,78.83738320971044,1.5731433958664705,0
2026-01-29 14:00:00,EXCAV-05,55.884075197619964,2.970735550849356,0
2026-01-29 15:00:00,TBM-01,80.28569685552479,2.2042160399830517,0
2026-01-29 16:00:00,TBM-02,74.76434641287983,3.183298485573732,0
2026-01-29 17:00:00,TBM-01,81.62987945300577,2.8172329996741765,0
2026-01-29 18:00:00,EXCAV-05,77.68696960877594,2.222661781860121,0
2026-01-29 19:00:00,TBM-01,91.36968515968613,3.2390850563839666,0
2026-01-29 20:00:00,EXCAV-05,76.5026940317749,4.423913298808069,0
2026-01-29 21:00:00,EXCAV-05,69.84713350649696,2.628186587445431,0
2026-01-29 22:00:00,TBM-01,76.4675700363874,3.4477821479333635,0
2026-01-29 23:00:00,TBM-02,81.51957634843666,1.6360543379159525,0
2026-01-30 00:00:00,EXCAV-05,75.58632084390845,1.939207260863792,0
2026-01-30 01:00:00,TBM-01,75.48710029444659,3.2251656500923396,0
2026-01-30 02:00:00,TBM-01,66.57609974631893,4.135704425682368,0
2026-01-30 03:00:00,TBM-02,67.04518898938862,3.120052013907094,0
2026-01-30 04:00:00,EXCAV-05,58.16873673840368,2.5182477725291608,0
2026-01-30 05:00:00,EXCAV-05,95.99492091824328,2.7993622648810184,1
2026-01-30 06:00:00,TBM-01,60.07364117530458,1.674633039427254,0
2026-01-30 07:00:00,TBM-01,66.68513762644912,3.3440637937198296,0
2026-01-30 08:00:00,TBM-02,66.37911281316963,3.594099756091068,0
2026-01-30 09:00:00,TBM-02,85.7390925233333,2.3931187004502275,0
2026-01-30 10:00:00,EXCAV-05,71.46060386049567,2.3769620670164486,0
2026-01-30 11:00:00,EXCAV-05,89.97290487208481,3.0392904066868436,0
2026-01-30 12:00:00,TBM-01,66.91811250907358,2.406952237563464,0
2026-01-30 13:00:00,EXCAV-05,78.34792994668562,2.7404806468367595,0
2026-01-30 14:00:00,TBM-02,64.97583536088291,4.689749610249864,1
2026-01-30 15:00:00,TBM-02,100.74178953328067,2.5776768693286027,1
2026-01-30 16:00:00,TBM-01,60.748818971645846,2.4774938631809,0
2026-01-30 17:00:00,TBM-02,78.71784852272432,2.2172123749283568,0
2026-01-30 18:00:00,TBM-02,82.60532257118518,3.469772774349943,0
2026-01-30 19:00:00,TBM-02,79.96558916941798,2.636898244103707,0
2026-01-30 20:00:00,TBM-02,72.7765480934675,2.215564265510716,0
2026-01-30 21:00:00,TBM-01,73.44215160319888,3.9891736290457107,0
2026-01-30 22:00:00,TBM-01,75.52573766374931,4.077642704062273,0
2026-01-30 23:00:00,EXCAV-05,73.23597598045814,2.259618790835165,0
2026-01-31 00:00:00,TBM-02,86.56654940153892,1.120114043775445,0
2026-01-31 01:00:00,EXCAV-05,101.52627601909622,3.7067623208532297,1
2026-01-31 02:00:00,TBM-01,68.310098579906,2.183833156815996,0
2026-01-31 03:00:00,TBM-01,58.562364245051064,3.5115630392464916,0
2026-01-31 04:00:00,TBM-01,73.94061541978495,1.0269065640593478,0
2026-01-31 05:00:00,TBM-01,105.95651205185183,3.6033376044693783,1
2026-01-31 06:00:00,TBM-01,65.35590518436322,1.7099452636472967,0
2026-01-31 07:00:00,TBM-01,94.6694016653288,3.457687707159872,0
2026-01-31 08:00:00,TBM-01,95.13240976891728,2.8128457610527904,1
2026-01-31 09:00:00,TBM-02,68.35694109950407,1.9414545225430193,0
2026-01-31 10:00:00,EXCAV-05,81.8277969502233,2.4336673183658974,0
2026-01-31 11:00:00,TBM-01,94.54075947754245,3.4176866112610305,0
2026-01-31 12:00:00,TBM-02,70.45046710815015,2.8953050078037106,0
2026-01-31 13:00:00,TBM-02,72.55703567877165,3.3259716824252354,0
2026-01-31 14:00:00,EXCAV-05,68.01982903261627,4.578796526063937,1
2026-01-31 15:00:00,TBM-01,62.822919231685596,1.3921825494600535,0
2026-01-31 16:00:00,EXCAV-05,67.20866945920791,4.255491317471762,0
2026-01-31 17:00:00,TBM-01,60.31271679885292,2.8939203437708914,0
2026-01-31 18:00:00,TBM-02,75.40900161911071,1.9910943565091843,0
2026-01-31 19:00:00,TBM-02,65.7603212272963,1.602717736834909,0
2026-01-31 20:00:00,TBM-02,77.80543094148898,2.6297916483006696,0
2026-01-31 21:00:00,TBM-02,56.329252245556475,3.6294851007320132,0
2026-01-31 22:00:00,EXCAV-05,78.97056278657348,2.685205791660219,0
2026-01-31 23:00:00,TBM-01,85.0023475393071,4.160039437222613,0
2026-02-01 00:00:00,TBM-01,51.075172289142536,1.4939418789535968,0
2026-02-01 01:00:00,EXCAV-05,79.48867883817087,2.7891199469385506,0
2026-02-01 02:00:00,TBM-01,89.7320279096795,1.6728459000281926,0
2026-02-01 03:00:00,TBM-02,60.48430777570553,3.127268694362471,0
2026-02-01 04:00:00,TBM-01,95.07086864205243,3.59819865108757,1
2026-02-01 05:00:00,TBM-02,80.02822811239254,2.421314385687052,0
2026-02-01 06:00:00,EXCAV-05,66.53985773089909,0.45620752903557893,0
2026-02-01 07:00:00,TBM-01,74.33077106810752,2.979053332116845,0
2026-02-01 08:00:00,EXCAV-05,81.69992295026067,3.1930646965601586,0
2026-02-01 09:00:00,TBM-01,75.91206469694893,3.1638652794655275,0
2026-02-01 10:00:00,TBM-02,81.46507190935642,3.9122039726399382,0
2026-02-01 11:00:00,EXCAV-05,63.9519168830476,1.8360516883158557,0
2026-02-01 12:00:00,TBM-01,77.03232988843294,3.412194494905404,0
2026-02-01 13:00:00,TBM-02,58.03542603714024,3.873256761230177,0
2026-02-01 14:00:00,EXCAV-05,73.6652872638156,1.1992711743941347,0
2026-02-01 15:00:00,EXCAV-05,64.15310830242252,3.0876866433270793,0
2026-02-01 16:00:00,TBM-01,66.1736406889228,2.3462381520930955,0
2026-02-01 17:00:00,TBM-01,89.83311810252525,2.7266295942085184,0
2026-02-01 18:00:00,TBM-01,88.09572144713123,3.1129088351845025,0
2026-02-01 19:00:00,TBM-02,82.30965745088612,2.361494292297803,0
2026-02-01 20:00:00,TBM-01,61.89224682392906,2.191862728754549,0
2026-02-01 21:00:00,EXCAV-05,71.20309860366238,2.830737175739222,0
2026-02-01 22:00:00,EXCAV-05,89.5571723997502,1.8214786550234774,0
2026-02-01 23:00:00,TBM-01,76.70060296367886,1.8227573840033329,0
2026-02-02 00:00:00,TBM-01,102.83195447978034,3.4114359546608526,1
2026-02-02 01:00:00,EXCAV-05,79.71981407273246,1.7660853683572093,0
2026-02-02 02:00:00,TBM-02,77.30458939788038,3.3996812508182908,0
2026-02-02 03:00:00,TBM-01,71.29060242956999,3.216332163568556,0
2026-02-02 04:00:00,TBM-01,76.6024908573874,1.2467739440884626,0
2026-02-02 05:00:00,EXCAV-05,73.17036196343348,2.1901918128979103,0
2026-02-02 06:00:00,TBM-01,83.49730412026308,3.874698462742635,0
2026-02-02 07:00:00,TBM-02,86.480427801535,1.9169510219742865,0
2026-02-02 08:00:00,EXCAV-05,65.56812647390461,2.382036163921551,0
2026-02-02 09:00:00,TBM-01,59.025204557306665,3.2158548039267068,0
2026-02-02 10:00:00,EXCAV-05,52.96553552276044,3.5050514583543357,0
2026-02-02 11:00:00,TBM-01,81.09589592295052,2.573615002559954,0
2026-02-02 12:00:00,TBM-01,61.759600725913515,2.2622408247775225,0
2026-02-02 13:00:00,TBM-01,49.165312884570206,4.0801328755286566,0
2026-02-02 14:00:00,TBM-02,79.66294325437157,4.365009697417821,0
2026-02-02 15:00:00,TBM-02,104.91599420919349,3.680972245703616,1
2026-02-02 16:00:00,EXCAV-05,74.92714906152128,2.8767863283085213,0
2026-02-02 17:00:00,TBM-01,85.06188929341971,2.072560850523166,0
2026-02-02 18:00:00,TBM-01,75.98195230257078,2.052600034099091,0
2026-02-02 19:00:00,TBM-02,73.81332416170629,3.2702626947391815,0
2026-02-02 20:00:00,TBM-01,86.02891779585322,3.1765583987998154,0
2026-02-02 21:00:00,TBM-02,71.51670546973618,4.061438733651786,0
2026-02-02 22:00:00,TBM-01,78.20870776886284,3.3854050832825253,0
2026-02-02 23:00:00,EXCAV-05,78.86037367435216,1.4472277284161637,0
2026-02-03 00:00:00,TBM-01,66.98291455628342,3.7467528559506267,0
2026-02-03 01:00:00,TBM-01,86.90450819443828,1.9017454354170282,0
2026-02-03 02:00:00,TBM-02,72.90048291965509,2.4544258552428833,0
2026-02-03 03:00:00,TBM-01,65.93105808608587,3.025180185626525,0
2026-02-03 04:00:00,TBM-01,81.43811812284484,4.596100740805568,1
2026-02-03 05:00:00,TBM-02,64.21838421850755,5.598926700404824,1
2026-02-03 06:00:00,EXCAV-05,75.33817388842954,3.3460507532225643,0
2026-02-03 07:00:00,EXCAV-05,74.89057204026956,2.635123043151651,0
2026-02-03 08:00:00,TBM-02,88.03074678997893,3.281055083632495,0
2026-02-03 09:00:00,TBM-02,80.69637879455944,3.598889883286452,0
2026-02-03 10:00:00,TBM-02,74.69967649505827,2.511399136998527,0
2026-02-03 11:00:00,TBM-02,84.81319559040344,4.41569022032109,0
2026-02-03 12:00:00,TBM-02,91.68249058820776,3.0070636832722615,0
2026-02-03 13:00:00,EXCAV-05,81.69372367622235,3.2479687801822545,0
2026-02-03 14:00:00,EXCAV-05,75.12423143812056,3.399331826849015,0
2026-02-03 15:00:00,TBM-02,59.25796521179809,3.17942794955301,0
2026-02-03 16:00:00,TBM-01,62.21863604309553,3.555046450422651,0
2026-02-03 17:00:00,TBM-02,71.33730354774399,2.244472132107769,0
2026-02-03 18:00:00,TBM-01,67.6858535740886,2.2975284214485723,0
2026-02-03 19:00:00,TBM-02,72.75634436417465,1.8098611903254744,0
2026-02-03 20:00:00,TBM-02,75.67979909876529,3.1955511075582037,0
2026-02-03 21:00:00,EXCAV-05,81.35631305228077,3.5010428531609024,0
2026-02-03 22:00:00,TBM-01,74.15401466329091,3.211995579536697,0
2026-02-03 23:00:00,TBM-01,80.83801972591442,4.3070431900127835,0
2026-02-04 00:00:00,EXCAV-05,75.77369297772144,2.7949635830538577,0
2026-02-04 01:00:00,EXCAV-05,51.294401203753544,3.4018674900332613,0
2026-02-04 02:00:00,EXCAV-05,63.72797527417495,1.817469211474617,0
2026-02-04 03:00:00,EXCAV-05,73.27094933134062,2.451610267773039,0
2026-02-04 04:00:00,TBM-01,60.48366308590671,3.4259839818091997,0
2026-02-04 05:00:00,TBM-01,82.19914475995445,3.5641918996688293,0
2026-02-04 06:00:00,TBM-02,93.36900998812436,2.535429747102236,0
2026-02-04 07:00:00,TBM-02,89.62514222036779,2.73556067332774,0
2026-02-04 08:00:00,EXCAV-05,72.4386855488375,1.4339136279872713,0
2026-02-04 09:00:00,EXCAV-05,92.88871364219942,2.4786737192740516,0
2026-02-04 10:00:00,EXCAV-05,76.78400948642533,3.6013448471678076,0
2026-02-04 11:00:00,TBM-02,70.95496834658353,3.3176845144959097,0
2026-02-04 12:00:00,TBM-02,67.63916803750872,3.2505991492430883,0
2026-02-04 13:00:00,TBM-02,71.37036376214246,2.8447963184628637,0
2026-02-04 14:00:00,TBM-02,70.34187817750525,2.8063568427653585,0
2026-02-04 15:00:00,TBM-02,77.04499466850585,2.2057109744738974,0
2026-02-04 16:00:00,TBM-02,76.92688777259838,3.4289455781822813,0
2026-02-04 17:00:00,TBM-02,75.03655224184098,3.1788756499504505,0
2026-02-04 18:00:00,EXCAV-05,80.24325803695619,3.242816963193519,0
2026-02-04 19:00:00,EXCAV-05,89.28775529743609,2.3265686415991773,0
2026-02-04 20:00:00,EXCAV-05,86.39464962529588,0.8619913721158798,0
2026-02-04 21:00:00,EXCAV-05,57.18122437860116,3.787437440578326,0
2026-02-04 22:00:00,TBM-02,44.352946381176544,2.3690462895924362,0
2026-02-04 23:00:00,TBM-01,86.21183893487128,2.023501812361191,0
2026-02-05 00:00:00,TBM-02,58.59745561901495,3.4241310207225943,0
2026-02-05 01:00:00,TBM-01,72.3028151772878,2.4471886240727834,0
2026-02-05 02:00:00,EXCAV-05,60.95864368728769,3.7539427456419596,0
2026-02-05 03:00:00,TBM-02,53.37623474903977,3.3553053546190275,0
2026-02-05 04:00:00,EXCAV-05,81.49755273845746,3.4152123908804297,0
2026-02-05 05:00:00,TBM-02,84.10986192363177,1.570639859919519,0
2026-02-05 06:00:00,EXCAV-05,68.08187519127937,3.89074958684776,0
2026-02-05 07:00:00,TBM-01,43.90749249426108,3.03512547811047,0
2026-02-05 08:00:00,TBM-01,68.44506662097021,2.4676505746784168,0
2026-02-05 09:00:00,TBM-01,79.70164806483056,2.929049620608026,0
2026-02-05 10:00:00,TBM-02,57.25306117471045,1.2013882903915118,0
2026-02-05 11:00:00,TBM-01,77.20031903734987,3.1677875303326037,0
2026-02-05 12:00:00,TBM-02,74.81628180992405,1.8735656426361353,0
2026-02-05 13:00:00,TBM-01,81.95149799521306,1.5825967427408187,0
2026-02-05 14:00:00,TBM-01,76.43496442096983,1.4298767324038977,0
2026-02-05 15:00:00,TBM-02,63.323172709421335,3.8014195374909328,0
2026-02-05 16:00:00,TBM-02,89.3588580199739,2.23366294567649,0
2026-02-05 17:00:00,TBM-01,73.09764512367636,4.180354938924849,0
2026-02-05 18:00:00,TBM-02,74.67234552588081,2.3177786832529317,0
2026-02-05 19:00:00,TBM-01,63.80078449112165,1.2633778381663476,0
2026-02-05 20:00:00,TBM-02,69.68061298570187,1.7951280040462065,0
2026-02-05 21:00:00,EXCAV-05,64.38236743167718,3.9122304580062446,0
2026-02-05 22:00:00,EXCAV-05,72.92464728091892,2.659691639856999,0
2026-02-05 23:00:00,EXCAV-05,95.54050176170813,2.306541433158459,1
2026-02-06 00:00:00,EXCAV-05,58.537186284823726,2.9440164032675087,0
2026-02-06 01:00:00,EXCAV-05,55.6372632254791,3.2516044625507905,0
2026-02-06 02:00:00,TBM-01,92.6540439299233,3.8056589343122145,0
2026-02-06 03:00:00,EXCAV-05,72.48811587417761,4.103649306903634,0
2026-02-06 04:00:00,EXCAV-05,66.97112713608101,2.4762082187898224,0
2026-02-06 05:00:00,EXCAV-05,87.47885624875292,1.6065570825261652,0
2026-02-06 06:00:00,EXCAV-05,67.73261352315762,2.427881354989051,0
2026-02-06 07:00:00,TBM-02,96.91211656256323,3.034252455924597,1
2026-02-06 08:00:00,TBM-01,83.13511045607123,1.93261696641045,0
2026-02-06 09:00:00,EXCAV-05,69.14506310225157,1.9385641765944612,0
2026-02-06 10:00:00,EXCAV-05,100.88769855918605,3.1094090933948966,1
2026-02-06 11:00:00,EXCAV-05,67.73142092395994,2.7562128835865938,0
2026-02-06 12:00:00,TBM-01,83.90514446411169,2.8295172958704278,0
2026-02-06 13:00:00,TBM-02,78.5915109648779,2.117354198769937,0
2026-02-06 14:00:00,TBM-01,90.62089547278558,2.5926393572148094,0
2026-02-06 15:00:00,TBM-02,93.73813436072223,1.9681901701585258,0
2026-02-06 16:00:00,EXCAV-05,75.3840497887892,3.601178570012308,0
2026-02-06 17:00:00,EXCAV-05,65.9589855558458,3.7317244012513773,0
2026-02-06 18:00:00,TBM-01,80.5196657152694,1.1384309239857153,0
2026-02-06 19:00:00,TBM-01,66.86741556297473,1.9634402258268309,0
2026-02-06 20:00:00,TBM-02,99.16064697031948,1.4531236704189285,1
2026-02-06 21:00:00,TBM-02,76.63842397299285,2.2149784590337913,0
2026-02-06 22:00:00,TBM-01,70.61614138425469,2.724905827188675,0
2026-02-06 23:00:00,TBM-02,77.2161636703789,1.4953193022713227,0
2026-02-07 00:00:00,TBM-01,58.834484525643646,1.970326168187218,0
2026-02-07 01:00:00,TBM-02,63.340631537872184,1.8964383651266512,0
2026-02-07 02:00:00,TBM-01,89.4049668953331,2.9865405964590495,0
2026-02-07 03:00:00,TBM-01,67.11726865234326,2.862409903332625,0
2026-02-07 04:00:00,TBM-01,62.43706820781672,2.150436201996472,0
2026-02-07 05:00:00,TBM-02,81.43983303032743,2.9591387849254582,0
2026-02-07 06:00:00,TBM-02,89.22844985595596,2.307987923871461,0
2026-02-07 07:00:00,TBM-02,83.6274397279808,2.555510400706552,0
2026-02-07 08:00:00,TBM-01,86.9525722296698,4.306106881268683,0
2026-02-07 09:00:00,TBM-02,65.91845893716646,4.006414946611313,0
2026-02-07 10:00:00,TBM-02,57.93827199909788,1.630376886765162,0
2026-02-07 11:00:00,TBM-01,93.01600382346584,3.546759176091257,0
2026-02-07 12:00:00,EXCAV-05,71.12784193389437,3.5302568990424326,0
2026-02-07 13:00:00,TBM-01,71.99000380253943,1.7665630401226433,0
2026-02-07 14:00:00,TBM-02,90.9383297021887,3.5368998793793747,0
2026-02-07 15:00:00,TBM-01,81.67476011280792,4.184138726571297,0
2026-02-07 16:00:00,EXCAV-05,80.47065326497929,1.7897096743800274,0
2026-02-07 17:00:00,TBM-01,100.98002813881301,1.9742474610871625,1
2026-02-07 18:00:00,TBM-02,67.27778123543828,3.7158953201591522,0
2026-02-07 19:00:00,EXCAV-05,86.13408153697485,3.044345779743083,0
2026-02-07 20:00:00,TBM-02,75.68415749876502,3.296328647715571,0
2026-02-07 21:00:00,EXCAV-05,78.22310734635909,3.106530294760447,0
2026-02-07 22:00:00,EXCAV-05,93.34162111695038,3.1516263288353294,0
2026-02-07 23:00:00,TBM-01,81.09402907547549,1.606175084520025,0
2026-02-08 00:00:00,TBM-01,81.4595529485956,3.7425859359593034,0
2026-02-08 01:00:00,TBM-02,87.87008804771763,3.852630993184996,0
2026-02-08 02:00:00,TBM-01,70.62056724548538,2.5935483303387747,0
2026-02-08 03:00:00,TBM-01,64.92948399193193,2.760870745167524,0
2026-02-08 04:00:00,EXCAV-05,62.4622896717476,1.4220032476998499,0
2026-02-08 05:00:00,TBM-01,51.40372092748798,3.2628292804160512,0
2026-02-08 06:00:00,EXCAV-05,99.67448555928387,3.3148516975427293,1
2026-02-08 07:00:00,EXCAV-05,61.7614996113398,2.74402808470062,0
2026-02-08 08:00:00,EXCAV-05,72.34495651697074,3.811918023883452,0
2026-02-08 09:00:00,TBM-02,71.67824040133296,2.4993304921180535,0
2026-02-08 10:00:00,TBM-02,78.68888037370921,3.30814533330424,0
2026-02-08 11:00:00,TBM-02,84.78884655047156,1.8823020951770957,0
2026-02-08 12:00:00,EXCAV-05,85.32568186031695,2.7788030642131853,0
2026-02-08 13:00:00,TBM-02,68.00307073717273,2.6430811678874475,0
2026-02-08 14:00:00,TBM-02,72.99453943456307,3.002777129836847,0
2026-02-08 15:00:00,TBM-01,78.39095940585959,2.467425764049977,0
2026-02-08 16:00:00,TBM-02,72.01570648579744,2.6816746638954987,0
2026-02-08 17:00:00,TBM-02,94.28814691223991,3.5434424542973555,0
2026-02-08 18:00:00,EXCAV-05,80.89169941965902,2.406912186485604,0
2026-02-08 19:00:00,EXCAV-05,83.8185334325978,1.3540806093351885,0
2026-02-08 20:00:00,EXCAV-05,82.95457522400895,4.374625513784879,0
2026-02-08 21:00:00,EXCAV-05,89.08168628982389,4.043308670821437,0
2026-02-08 22:00:00,EXCAV-05,77.17225870444449,1.6369635744049431,0
2026-02-08 23:00:00,EXCAV-05,59.43801662452984,3.4207370247206748,0
2026-02-09 00:00:00,TBM-02,79.7962554210317,2.347322706503791,0
2026-02-09 01:00:00,EXCAV-05,67.18371727449805,3.0371384937979533,0
2026-02-09 02:00:00,EXCAV-05,68.65659981900292,3.0648017161121444,0
2026-02-09 03:00:00,TBM-01,82.03636822506112,2.58903297971531,0
2026-02-09 04:00:00,TBM-02,89.85939685720362,2.094610900972243,0
2026-02-09 05:00:00,TBM-02,75.25525892083274,2.1785130529153665,0
2026-02-09 06:00:00,TBM-02,78.70599615118756,1.9754272760668816,0
2026-02-09 07:00:00,EXCAV-05,95.42657933562285,2.0513600125925997,1
2026-02-09 08:00:00,EXCAV-05,77.88903815386281,2.73953953895558,0
2026-02-09 09:00:00,EXCAV-05,106.22019737016474,2.155816009800323,1
2026-02-09 10:00:00,TBM-01,81.78611574757853,3.4138468591413575,0
2026-02-09 11:00:00,EXCAV-05,53.87084689013019,4.138521539802334,0
2026-02-09 12:00:00,TBM-01,84.04009945325438,2.2779520827669613,0
2026-02-09 13:00:00,TBM-02,79.57390061859333,3.0154640504818393,0
2026-02-09 14:00:00,EXCAV-05,90.47703304899295,3.2497165992726402,0
2026-02-09 15:00:00,TBM-01,83.0781762152395,3.2248020438273466,0
2026-02-09 16:00:00,TBM-01,73.33852819219472,2.8683597411244786,0
2026-02-09 17:00:00,EXCAV-05,60.308421164527616,3.46841417652375,0
2026-02-09 18:00:00,TBM-02,72.4917209125677,3.2340240574125914,0
2026-02-09 19:00:00,TBM-02,64.7937545494884,1.6861038199054317,0
2026-02-09 20:00:00,TBM-02,68.03371860234333,3.5822404579503457,0
2026-02-09 21:00:00,TBM-01,82.06294085304731,3.598561753540068,0
2026-02-09 22:00:00,TBM-01,95.03885405221688,2.1130425062392764,1
2026-02-09 23:00:00,TBM-01,79.73605835787578,2.834144051902842,0
2026-02-10 00:00:00,TBM-01,60.64940325557779,3.4149960935299624,0
2026-02-10 01:00:00,TBM-02,80.33523201864169,2.6116175623785742,0
2026-02-10 02:00:00,EXCAV-05,89.35957783974781,3.7656802429894105,0
2026-02-10 03:00:00,TBM-01,67.68260514816741,4.927485245157424,1
2026-02-10 04:00:00,TBM-01,73.39179399992499,2.092612570628516,0
2026-02-10 05:00:00,TBM-02,75.17625833675037,1.5570598571616023,0
2026-02-10 06:00:00,EXCAV-05,65.58122024301312,3.073436736044388,0
2026-02-10 07:00:00,EXCAV-05,82.77936520612631,3.449406254613529,0
2026-02-10 08:00:00,TBM-02,73.54862221670662,2.5922202635397076,0
2026-02-10 09:00:00,TBM-02,80.03438932688434,4.1079345969889305,0
2026-02-10 10:00:00,EXCAV-05,64.3500938663748,1.595254780249076,0
2026-02-10 11:00:00,TBM-01,69.75050039611908,3.4236267607284496,0
2026-02-10 12:00:00,EXCAV-05,83.66857629393326,2.2547252613169957,0
2026-02-10 13:00:00,TBM-02,70.52600217489879,4.347440115586567,0
2026-02-10 14:00:00,TBM-01,95.72356621480085,4.593263817851306,1
2026-02-10 15:00:00,TBM-01,70.20436577262477,2.1100090709949866,0
2026-02-10 16:00:00,TBM-02,77.69621670902264,2.305398577682278,0
2026-02-10 17:00:00,TBM-02,86.19108998247708,3.5736290982818217,0
2026-02-10 18:00:00,TBM-02,57.97961120480362,2.4515824151894368,0
2026-02-10 19:00:00,EXCAV-05,53.87029425623069,2.7591299038609853,0
2026-02-10 20:00:00,EXCAV-05,56.692124225158864,2.822849578488169,0
2026-02-10 21:00:00,TBM-01,90.15100924112619,1.0722941594221091,0
2026-02-10 22:00:00,TBM-02,68.37770224929064,2.7875460285151865,0
2026-02-10 23:00:00,TBM-01,105.69839142801902,2.1792450033422432,1
2026-02-11 00:00:00,TBM-01,68.22902881611134,2.356189459840205,0
2026-02-11 01:00:00,TBM-01,77.21461563836445,4.099268803121933,0
2026-02-11 02:00:00,TBM-01,93.50531943081451,1.6691437951486692,0
2026-02-11 03:00:00,TBM-02,99.07311465790947,3.5318846680731792,1
2026-02-11 04:00:00,TBM-01,99.73804291963677,2.548933362701372,1
2026-02-11 05:00:00,TBM-02,89.50039476711771,2.548215848353749,0
2026-02-11 06:00:00,TBM-02,87.28875030973755,3.51133470644654,0
2026-02-11 07:00:00,EXCAV-05,82.1103233904142,3.106046165112001,0
2026-02-11 08:00:00,TBM-02,84.34033291399965,3.313551697497578,0
2026-02-11 09:00:00,EXCAV-05,68.38577140405759,3.6713661944795746,0
2026-02-11 10:00:00,TBM-02,65.18161339893231,2.5018224551350094,0
2026-02-11 11:00:00,TBM-02,74.95950651106858,2.2489869389430246,0
2026-02-11 12:00:00,TBM-02,72.95778452970086,1.8233645260979814,0
2026-02-11 13:00:00,EXCAV-05,69.5612634080727,2.05713052301894,0
2026-02-11 14:00:00,EXCAV-05,83.35664936948058,5.454184982777853,1
2026-02-11 15:00:00,TBM-01,86.46366250284613,3.920211622663108,0
